Designator,Footprint,Quantity,Value,LCSC Part #
BT1,CR2032,1,CR2032,
"C1, C7",0805,2,47 uF,
"C2, C6",0805,2,4.7 µF,
C3,0805,1,10 µF,
"C4, C5, C8",0805,3,0.1 µF,
"D1, D10, D11, D12, D13, D14, D15, D16, D17, D18, D19, D2, D20, D21, D22, D23, D24, D25, D26, D27, D28, D29, D3, D30, D31, D32, D33, D34, D35, D4, D5, D6, D7, D8, D9",0805,35,LED,C2297
J1,UPDI_P=2.54mm,1,UPDI_Header,
L2,L_APV_ANR3010,1,Inductor_4.7,C135233
"Q1, Q2, Q3, Q4, Q5, Q6, Q7",Q_SOT-23,7,MMBT3904,C7420353
"R1, R15, R16, R2, R3, R4, R5, R6, R7",0805,9,4.7k,
"R10, R11, R12, R8, R9",0805,5,22R,
R13,R_0805,1,470k,
R14,R_0805,1,270k,
S1,SW_SSSS811101Real,1,SSSS811101,
U1,QFN50P300X300X100-16N,1,MMA8451QR1,C118083
U2,SOT-23-6,1,MCP1640Bx-xCHY,
U3,SOIC-20W_7.5x12.8mm_P1.27mm,1,ATtiny1616-S,
